route_id,workday/weekend
0,1.103804464841074
1,0.994587621792196
2,1.2988051759829162
3,1.2762299725581037
4,1.2258888821971843
5,1.1403883771054395
