route_id,workday/weekend
0,1.10382121369102
1,0.9946005440995059
2,1.2989872039337458
3,1.2762267094705224
4,1.2258394712624168
5,1.140396965687183
