route_id,adverse/normal_weather
0,1.055369006627765
1,1.0023548393489596
2,1.050066167169661
3,1.0914113149577054
4,1.0568116922992763
5,1.0609483065094443
