route_id,bad/good_weather
0,1.0553315845191265
1,1.002358589075363
2,1.050035436308558
3,1.0913264854328333
4,1.0568647044750048
5,1.0609363070638003
